"","AgeGroup","Total"
"1","0-9",2594.26295187303
"2","18-19",1703
"3","15-17",1515.03513412766
"4","10-14",648.304290602487
