"","Average_Female","Average_Male","Median_Female","Median_Male"
"1",13.3258464166096,11.79285633564,12.4127640724182,9.89325189590456
