"","WealthQuintile","Mean"
"1","Lowest",13.2644766058241
"2","Highest",13.0593790667398
"3","Middle",12.091100863048
